FrameCounter,Timestamp,Flags,Region0R,Region1R,Region2G,Region3G,Region4G
0,29074.52355,16,0.003921569,0.003921569,0.003921569,0.003921569,0.003921569
1,29074.52906,18,0.019539551,0.02502448,0.121529096,0.075270155,0.003921569
2,29074.53462,20,0.013306542,0.019540971,0.369070209,0.468811779,0.012511671
3,29074.54019,17,0.029951539,0.027271859,0.135839658,0.072452248,0.003921569
4,29074.54573,18,0.019389832,0.02491223,0.119510331,0.074830073,0.003921569
5,29074.5513,20,0.013078024,0.019326025,0.363251107,0.461010115,0.011951447
6,29074.55683,17,0.029494504,0.027236034,0.132076218,0.072244879,0.003921569
7,29074.5624,18,0.019203341,0.024917007,0.117438857,0.074567406,0.003921569
8,29074.56794,20,0.013014985,0.019206611,0.361121653,0.458521693,0.011951447
9,29074.5735,17,0.029229213,0.027209763,0.129477651,0.07178406,0.003921569
10,29074.57907,18,0.019022103,0.024788039,0.11597354,0.074313956,0.003921569
11,29074.58461,20,0.013054385,0.019130186,0.360109635,0.457159973,0.012511671
12,29074.59018,17,0.028956043,0.027109455,0.126886991,0.071270247,0.003921569
13,29074.59571,18,0.018830359,0.024761768,0.114242041,0.073751757,0.003921569
14,29074.60128,20,0.013033371,0.019072867,0.359716951,0.456348932,0.012138189
15,29074.60682,17,0.028832591,0.02694944,0.124617858,0.070424645,0.003921569
16,29074.61238,18,0.0186964,0.024771321,0.11304027,0.073060529,0.003921569
17,29074.61792,20,0.013057011,0.019060925,0.358950032,0.455793645,0.012138189
18,29074.62349,17,0.028451729,0.026925557,0.122151065,0.069751849,0.003921569
19,29074.62906,18,0.018649121,0.024616083,0.111688277,0.0727633,0.003921569
20,29074.63459,20,0.012946692,0.019029877,0.359102888,0.455625446,0.011577965
21,29074.64016,17,0.028323024,0.026746435,0.120322054,0.069479966,0.003921569
22,29074.6457,18,0.01845475,0.024549211,0.110388994,0.072403862,0.003921569
23,29074.65126,20,0.012983465,0.019013159,0.35854417,0.455505634,0.012138189
24,29074.6568,17,0.028118146,0.026751212,0.118464052,0.069118223,0.003921569
25,29074.66237,18,0.018291898,0.024456067,0.10945604,0.072131979,0.003921569
26,29074.6679,20,0.012938812,0.019041819,0.358507274,0.455051727,0.011951447
27,29074.67347,17,0.027900135,0.026665234,0.117162134,0.068841732,0.003921569
28,29074.67904,18,0.018160566,0.024568317,0.108546806,0.07178406,0.003921569
29,29074.68458,20,0.012949319,0.019003606,0.358272718,0.454848967,0.01232493
30,29074.69014,17,0.02777931,0.026746435,0.115454354,0.068374001,0.003921569
31,29074.69568,18,0.01816582,0.024458456,0.107389838,0.071214949,0.003921569
32,29074.70125,20,0.013025492,0.018979723,0.358349146,0.45443423,0.011577965
33,29074.70678,17,0.027676871,0.026674787,0.113625343,0.067719638,0.003921569
34,29074.71235,18,0.01785325,0.024274558,0.105919249,0.070726481,0.003921569
35,29074.71792,20,0.012965079,0.019020324,0.357922201,0.454422709,0.011764706
36,29074.72346,17,0.027256609,0.026631798,0.111748893,0.067254211,0.003921569
37,29074.72902,18,0.017840117,0.024322323,0.104849252,0.070233405,0.003921569
38,29074.73456,20,0.012957199,0.018989277,0.35799863,0.454427317,0.012511671
39,29074.74013,17,0.027296009,0.026450288,0.110518132,0.066825649,0.003921569
40,29074.74566,18,0.01783749,0.024245898,0.104032258,0.069869358,0.003921569
41,29074.75123,20,0.012941439,0.019008383,0.357995994,0.454489528,0.01232493
42,29074.75677,17,0.027077998,0.026529101,0.109374341,0.066436257,0.003921569
43,29074.76234,18,0.017598466,0.024322323,0.10353152,0.069652773,0.003921569
44,29074.7679,20,0.013033371,0.019041819,0.358077693,0.454422709,0.011951447
45,29074.77344,17,0.027014959,0.026498054,0.108768185,0.066254234,0.003921569
46,29074.77901,18,0.017608973,0.024104989,0.102841029,0.069277206,0.003921569
47,29074.78454,20,0.012965079,0.018965394,0.357977546,0.454252206,0.012138189
48,29074.79011,17,0.026983439,0.026400134,0.10820156,0.065890187,0.003921569
49,29074.79568,18,0.017622106,0.024162308,0.102271769,0.068952328,0.003921569
50,29074.80122,20,0.012978212,0.01899883,0.358059245,0.454185387,0.012885154
51,29074.80678,17,0.026970306,0.026452676,0.107595404,0.065721988,0.003921569
52,29074.81232,18,0.017527547,0.024143202,0.101918617,0.068680445,0.003921569
53,29074.81789,20,0.012949319,0.018996441,0.357880034,0.454125481,0.011764706
54,29074.82342,17,0.026757548,0.026431181,0.106177525,0.065351029,0.003921569
55,29074.82899,18,0.017417228,0.024109766,0.101001476,0.068410866,0.003921569
56,29074.83453,20,0.012959826,0.018939123,0.357685009,0.454109352,0.011764706
57,29074.8401,17,0.026773308,0.026352368,0.105613536,0.065074537,0.003921569
58,29074.84566,18,0.017270136,0.024059612,0.10014495,0.06821041,0.003921569
59,29074.8512,20,0.012988719,0.019013159,0.357613852,0.453927329,0.011951447
60,29074.85677,17,0.026710269,0.026459841,0.104224647,0.064751964,0.003921569
61,29074.8623,18,0.017196591,0.023973633,0.099222538,0.067970784,0.003921569
62,29074.86787,20,0.012912546,0.019056149,0.357706093,0.454070183,0.011951447
63,29074.87341,17,0.026526404,0.026275943,0.103860953,0.064526163,0.003921569
64,29074.87898,18,0.017109912,0.023956915,0.098806135,0.067429322,0.003921569
65,29074.88451,20,0.012965079,0.019013159,0.357511069,0.453842077,0.011577965
66,29074.89008,17,0.026439725,0.026230565,0.103009699,0.064268104,0.003921569
67,29074.89565,18,0.017025859,0.023973633,0.098115644,0.067314117,0.003921569
68,29074.90118,20,0.012988719,0.018953452,0.357218533,0.453051773,0.011764706
69,29074.90675,17,0.026332033,0.026166082,0.102696078,0.064328011,0.003921569
70,29074.91229,18,0.017096778,0.023873325,0.098026038,0.067074491,0.003921569
71,29074.91786,20,0.012938812,0.018931958,0.357711364,0.453913504,0.011764706
72,29074.92342,17,0.026444979,0.026187576,0.102385094,0.064247368,0.003921569
73,29074.92896,18,0.016973327,0.023875714,0.097707147,0.067037626,0.003921569
74,29074.93453,20,0.012986092,0.01891524,0.357653384,0.454058662,0.011764706
75,29074.94006,17,0.026353046,0.026161305,0.101763125,0.063899449,0.003921569
76,29074.94563,18,0.01700222,0.023813618,0.097430424,0.066639018,0.003921569
77,29074.95117,20,0.012959826,0.01897017,0.357566414,0.454056358,0.011951447
78,29074.95674,17,0.026355673,0.026106374,0.101317731,0.063330338,0.003921569
79,29074.96227,18,0.016910287,0.023758687,0.097377715,0.06615055,0.003921569
80,29074.96784,20,0.012860013,0.018920016,0.357669197,0.45396189,0.012138189
81,29074.97341,17,0.02630314,0.026022784,0.101449505,0.062894864,0.003921569
82,29074.97894,18,0.016949687,0.023624943,0.097201139,0.065708163,0.003921569
83,29074.98451,20,0.01285476,0.018929569,0.35757432,0.453869727,0.012138189
84,29074.99005,17,0.026226968,0.026003678,0.10096985,0.062747402,0.003921569
85,29074.99562,18,0.01696282,0.023675097,0.096832174,0.065579134,0.003921569
86,29075.00115,20,0.012933559,0.018979723,0.357310774,0.453938849,0.011764706
87,29075.00672,17,0.026208581,0.026015619,0.100801181,0.06254925,0.003921569
88,29075.01226,18,0.016870888,0.023701368,0.09655545,0.065629824,0.003921569
89,29075.01782,20,0.013020238,0.018903298,0.357634936,0.453908896,0.011951447
90,29075.02339,17,0.026090383,0.025989348,0.100801181,0.06234649,0.003921569
91,29075.02893,18,0.016873514,0.02364405,0.096652962,0.065420152,0.003921569
92,29075.0345,20,0.012936186,0.018996441,0.357621758,0.453749914,0.011577965
93,29075.04003,17,0.026240101,0.025941582,0.100258275,0.062139121,0.003921569
94,29075.0456,18,0.016797342,0.023605837,0.096207569,0.065198959,0.003921569
95,29075.05114,20,0.012925679,0.018893745,0.357787793,0.454247598,0.011764706
96,29075.0567,17,0.026040476,0.025984572,0.099868227,0.061775074,0.003921569
97,29075.06224,18,0.016671263,0.023622555,0.095767447,0.065090666,0.003921569
98,29075.06781,20,0.012938812,0.018850756,0.357368754,0.453710744,0.011951447
99,29075.07341,17,0.025969557,0.025941582,0.099130297,0.061775074,0.003921569
100,29075.07891,18,0.01668177,0.023558071,0.095438014,0.065053801,0.003921569
101,29075.08448,20,0.01287052,0.018948676,0.357503163,0.453724569,0.011577965
102,29075.09002,17,0.026093009,0.025970242,0.098943179,0.061839589,0.003921569
103,29075.09558,18,0.01665025,0.023476869,0.095419566,0.064906339,0.003921569
104,29075.10112,20,0.0128784,0.018936734,0.35728969,0.453805212,0.01232493
105,29075.10669,17,0.026043103,0.026008455,0.099283154,0.061788899,0.003921569
106,29075.11226,18,0.016797342,0.023586731,0.095306241,0.06490173,0.003921569
107,29075.11779,20,0.012936186,0.019048984,0.35745836,0.453844381,0.011764706
108,29075.12339,17,0.025993197,0.025836498,0.099399114,0.061583834,0.003921569
109,29075.1289,18,0.01665813,0.023519859,0.095100675,0.064719707,0.003921569
110,29075.13446,20,0.012962452,0.0189845,0.357223803,0.453648533,0.011951447
111,29075.14,17,0.026074623,0.025927253,0.099183007,0.061404115,0.003921569
112,29075.14557,18,0.01663449,0.023646438,0.094850306,0.064533075,0.003921569
113,29075.1511,20,0.012962452,0.018917628,0.357450453,0.453623188,0.012698413
114,29075.15667,17,0.025940664,0.025815003,0.098186802,0.061162185,0.003921569
115,29075.16224,18,0.016592464,0.02346254,0.094141366,0.064228935,0.003921569
116,29075.16778,20,0.012949319,0.01890091,0.357471537,0.453694615,0.011391223
117,29075.17334,17,0.025851359,0.02581978,0.097791482,0.060705975,0.003921569
118,29075.17888,18,0.016476892,0.023390891,0.093827746,0.063975484,0.003921569
119,29075.18445,20,0.012915173,0.018934346,0.357489985,0.453690007,0.011764706
120,29075.18998,17,0.026011583,0.025774402,0.097904807,0.060634548,0.003921569
121,29075.19555,18,0.016471639,0.023565236,0.093956884,0.06416442,0.003921569
122,29075.20109,20,0.012873147,0.01891524,0.357392473,0.453802908,0.012138189
123,29075.20666,17,0.025780439,0.025877099,0.097701876,0.060447916,0.003921569
124,29075.21222,18,0.016458506,0.023388503,0.093543116,0.063966268,0.003921569
125,29075.21776,20,0.012965079,0.018896133,0.357497892,0.453948066,0.01232493
126,29075.22333,17,0.025914398,0.025709919,0.097960152,0.060491694,0.003921569
127,29075.22886,18,0.016490025,0.023338349,0.093458781,0.063890233,0.003921569
128,29075.23443,20,0.012975585,0.018931958,0.35751634,0.453706136,0.011764706
129,29075.23997,17,0.025956424,0.025733801,0.097741408,0.060404138,0.003921569
130,29075.24554,18,0.016461132,0.023333572,0.09365117,0.06377042,0.003921569
131,29075.2511,20,0.012925679,0.01891524,0.357576956,0.453609364,0.012138189
132,29075.25664,17,0.025914398,0.025695589,0.098099831,0.060422571,0.003921569
133,29075.26221,18,0.016461132,0.023426715,0.093429791,0.063632174,0.003921569
134,29075.26774,20,0.012933559,0.018943899,0.357041957,0.45355637,0.012138189
135,29075.27331,17,0.025856612,0.0256526,0.097454143,0.060000922,0.003921569
136,29075.27885,18,0.016463759,0.023309689,0.093245309,0.063484712,0.003921569
137,29075.28442,20,0.012944066,0.018931958,0.357147375,0.4537983,0.011951447
138,29075.28995,17,0.025825092,0.025776791,0.097072001,0.059556231,0.003921569
139,29075.29552,18,0.016437493,0.023393279,0.09316888,0.063109145,0.003921569
140,29075.30109,20,0.012967706,0.018939123,0.357316045,0.453531025,0.011951447
141,29075.30662,17,0.025704267,0.02560961,0.096998208,0.059477892,0.003921569
142,29075.31219,18,0.01635344,0.023292971,0.09293696,0.062975507,0.003921569
143,29075.31773,20,0.012965079,0.018920016,0.35740038,0.453678487,0.011764706
144,29075.3233,17,0.025817212,0.02560961,0.096755745,0.059374208,0.003921569
145,29075.32883,18,0.016363947,0.023374173,0.093068733,0.062890256,0.003921569
146,29075.3344,20,0.013007105,0.018843591,0.357571685,0.453726873,0.011764706
147,29075.33994,17,0.02569376,0.025516467,0.096871706,0.059325822,0.003921569
148,29075.3455,18,0.01634556,0.023371785,0.092815728,0.06293173,0.003921569
149,29075.35107,20,0.012881026,0.018795825,0.357192178,0.453666966,0.011951447
150,29075.35661,17,0.025804079,0.025537962,0.097011385,0.059321214,0.003921569
151,29075.36218,18,0.016332427,0.023338349,0.092581172,0.063199005,0.003921569
152,29075.36774,20,0.012936186,0.018824485,0.357576956,0.453616276,0.012138189
153,29075.37328,17,0.025685881,0.025662153,0.096660869,0.059383424,0.003921569
154,29075.37885,18,0.016324547,0.023340737,0.092325532,0.06304463,0.003921569
155,29075.38438,20,0.012928306,0.018783884,0.357310774,0.453524112,0.011764706
156,29075.38995,17,0.025643854,0.025521244,0.096157495,0.05926822,0.003921569
157,29075.39552,18,0.016164322,0.023238041,0.091450559,0.063030806,0.003921569
158,29075.40106,20,0.01286264,0.018888968,0.357518975,0.453756826,0.01232493
159,29075.40659,17,0.025638601,0.02562394,0.095348408,0.059182968,0.003921569
160,29075.41216,18,0.016075017,0.023171169,0.09114221,0.063063063,0.003921569
161,29075.41773,20,0.012962452,0.018841203,0.357576956,0.453461902,0.011577965
162,29075.42326,17,0.025565055,0.025533185,0.095461733,0.059134582,0.003921569
163,29075.42883,18,0.016266761,0.023386114,0.091305608,0.062871823,0.003921569
164,29075.43437,20,0.012849507,0.018893745,0.357239616,0.453471118,0.01232493
165,29075.43994,17,0.025683254,0.025483031,0.095611954,0.059113845,0.003921569
166,29075.44547,18,0.016208975,0.023238041,0.091411027,0.062929426,0.003921569
167,29075.45104,20,0.013001852,0.018922405,0.357247523,0.453507984,0.011951447
168,29075.45658,17,0.025554549,0.025626328,0.095746363,0.058984816,0.003921569
169,29075.46214,18,0.016174829,0.023228487,0.091466371,0.062846478,0.003921569
170,29075.46771,20,0.012917799,0.018891357,0.357450453,0.453655446,0.011764706
171,29075.47325,17,0.025578188,0.02552602,0.095588235,0.059049331,0.003921569
172,29075.47882,18,0.016314041,0.0232667,0.091179106,0.062722057,0.003921569
173,29075.48435,20,0.012875773,0.018865086,0.357255429,0.45350568,0.011577965
174,29075.48992,17,0.025667494,0.025475866,0.095524984,0.058851179,0.003921569
175,29075.49549,18,0.016122296,0.023199828,0.090849673,0.062431741,0.003921569
176,29075.50102,20,0.012875773,0.018896133,0.35751634,0.453178498,0.011764706
177,29075.50656,17,0.025546669,0.025430489,0.095040059,0.058602336,0.003921569
178,29075.51213,18,0.016114416,0.0232667,0.090596669,0.062249718,0.003921569
179,29075.5177,20,0.012783841,0.018860309,0.35751634,0.453537937,0.011764706
180,29075.52323,17,0.025544042,0.025430489,0.095340502,0.058318933,0.003921569
181,29075.5288,18,0.016177456,0.023216546,0.090815412,0.062362618,0.003921569
182,29075.53434,20,0.012917799,0.018936734,0.357437276,0.453692311,0.012511671
183,29075.5399,17,0.025546669,0.025420936,0.095472275,0.058217553,0.003921569
184,29075.54547,18,0.016114416,0.023159227,0.090485979,0.062136817,0.003921569
185,29075.55101,20,0.01290204,0.018934346,0.357308138,0.453560978,0.011577965
186,29075.55658,17,0.025588695,0.025571398,0.095427472,0.058298196,0.003921569
187,29075.56211,18,0.016151189,0.023125791,0.090449083,0.062162162,0.003921569
188,29075.56768,20,0.012841627,0.018943899,0.357234345,0.453876639,0.012138189
189,29075.57322,17,0.025588695,0.025480643,0.095704196,0.058337365,0.003921569
190,29075.57878,18,0.016027737,0.023164004,0.090480708,0.061940969,0.003921569
191,29075.58432,20,0.012967706,0.018853144,0.357532153,0.453480335,0.012698413
192,29075.58989,17,0.025557175,0.025425712,0.09567257,0.058332757,0.003921569
193,29075.59546,18,0.016182709,0.023094743,0.090546595,0.061950185,0.003921569
194,29075.60099,20,0.012972959,0.01888658,0.357126291,0.453646229,0.012138189
195,29075.60656,17,0.025502016,0.02552602,0.095461733,0.058155342,0.003921569
196,29075.6121,18,0.01608815,0.023109073,0.090064305,0.061687519,0.003921569
197,29075.61766,20,0.01289416,0.01880299,0.357321316,0.453498767,0.012138189
198,29075.6232,17,0.02547575,0.025416159,0.094992621,0.05796871,0.003921569
199,29075.62877,18,0.01605663,0.023137733,0.089740143,0.061655261,0.003921569
200,29075.6343,20,0.012839,0.01887225,0.357197449,0.45371996,0.011764706
201,29075.63987,17,0.025575562,0.025339734,0.09490038,0.057738301,0.003921569
202,29075.64544,18,0.016009351,0.023078025,0.089813936,0.061457109,0.003921569
203,29075.65098,20,0.012925679,0.018843591,0.35742937,0.45365775,0.011577965
204,29075.65654,17,0.025538789,0.025344511,0.09461575,0.057517108,0.003921569
205,29075.66208,18,0.015977831,0.023058919,0.089611006,0.061461717,0.003921569
206,29075.66765,20,0.012888906,0.018810155,0.357432005,0.453648533,0.011951447
207,29075.67318,17,0.025488883,0.025382723,0.094694813,0.057627704,0.003921569
208,29075.67875,18,0.015888526,0.023082802,0.089336918,0.061424852,0.003921569
209,29075.68429,20,0.01286264,0.018910463,0.357118385,0.45356789,0.012138189
210,29075.68986,17,0.025399577,0.025270474,0.094971537,0.057484851,0.003921569
211,29075.69542,18,0.015983084,0.023032648,0.089518764,0.061427156,0.003921569
212,29075.70096,20,0.012907293,0.018893745,0.357292326,0.453678487,0.011951447
213,29075.70653,17,0.025509896,0.025356452,0.095108581,0.057551669,0.003921569
214,29075.71206,18,0.016030364,0.023118626,0.08937645,0.061323472,0.003921569
215,29075.71763,20,0.012896786,0.018810155,0.357236981,0.453733785,0.01232493
216,29075.72317,17,0.025478376,0.025296745,0.094462893,0.05761388,0.003921569
217,29075.72874,18,0.016030364,0.023078025,0.088891524,0.061314255,0.003921569
218,29075.73427,20,0.012957199,0.018879415,0.357226439,0.453761434,0.01232493
219,29075.73984,17,0.025383817,0.025272862,0.093825111,0.05727057,0.003921569
220,29075.74541,18,0.015899032,0.022992047,0.088617436,0.061325776,0.003921569
221,29075.75094,20,0.012962452,0.01891524,0.35720272,0.453577107,0.011764706
222,29075.75651,17,0.025415337,0.025356452,0.093685431,0.057314348,0.003921569
223,29075.76205,18,0.015817606,0.023147286,0.088564727,0.061201355,0.003921569
224,29075.76762,20,0.012928306,0.018826873,0.357197449,0.453328264,0.011391223
225,29075.77315,17,0.025331285,0.025232261,0.093862007,0.057201447,0.003921569
226,29075.77872,18,0.015988338,0.023023095,0.088830909,0.06113684,0.003921569
227,29075.78429,20,0.012928306,0.018826873,0.35674942,0.453067902,0.011764706
228,29075.78982,17,0.025315525,0.025215543,0.094030677,0.057093155,0.003921569
229,29075.79539,18,0.015872766,0.023082802,0.088685958,0.061051589,0.003921569
230,29075.80093,20,0.012896786,0.018881804,0.35734767,0.453482639,0.011764706
231,29075.8065,17,0.025326031,0.025344511,0.094136095,0.057060897,0.003921569
232,29075.81203,18,0.015851753,0.022910845,0.088604259,0.061058501,0.003921569
233,29075.8176,20,0.012949319,0.018908075,0.357210626,0.45350568,0.011764706
234,29075.82317,17,0.025375937,0.02522032,0.093904175,0.05707933,0.003921569
235,29075.8287,18,0.015888526,0.023008765,0.0886965,0.061010115,0.003921569
236,29075.83427,20,0.012883653,0.018824485,0.35742937,0.453676183,0.011951447
237,29075.83981,17,0.025339164,0.025334957,0.09344824,0.05707933,0.003921569
238,29075.84541,18,0.015922672,0.022882186,0.088656968,0.060954817,0.003921569
239,29075.85091,20,0.012907293,0.018877027,0.357226439,0.453676183,0.011951447
240,29075.85648,17,0.025373311,0.02522032,0.093938436,0.057053985,0.003921569
241,29075.86205,18,0.015912165,0.022958611,0.088891524,0.060853437,0.003921569
242,29075.86758,20,0.012923053,0.018786272,0.357102572,0.453355913,0.011951447
243,29075.87315,17,0.025289258,0.025208378,0.093814569,0.056966429,0.003921569
244,29075.87869,18,0.015964698,0.023101908,0.0890681,0.060768185,0.003921569
245,29075.88426,20,0.01285476,0.018845979,0.357679739,0.453678487,0.011951447
246,29075.88979,17,0.02542847,0.025315851,0.093811933,0.056931868,0.003921569
247,29075.89539,18,0.015904285,0.023078025,0.088938963,0.060740536,0.003921569
248,29075.9009,20,0.012917799,0.018850756,0.357363483,0.453261446,0.011951447
249,29075.90646,17,0.025399577,0.025330181,0.094035948,0.056869657,0.003921569
250,29075.91203,18,0.015948938,0.022939505,0.089094455,0.060646068,0.003921569
251,29075.91757,20,0.012896786,0.018877027,0.357366118,0.453703832,0.01232493
252,29075.92314,17,0.02542847,0.025272862,0.094117647,0.056922652,0.003921569
253,29075.92867,18,0.015951565,0.022889351,0.089047017,0.06079353,0.003921569
254,29075.93424,20,0.013030745,0.018884192,0.357207991,0.453643925,0.012138189
255,29075.93978,17,0.025381191,0.02522032,0.094151908,0.056936476,0.003921569
256,29075.94541,18,0.015985711,0.022956223,0.088994307,0.060671413,0.003921569
257,29075.95088,20,0.012917799,0.018822096,0.356928632,0.453434253,0.011764706
258,29075.95645,17,0.025354924,0.025189272,0.093782943,0.056683026,0.003921569
259,29075.96202,18,0.015954191,0.023051754,0.088862534,0.060609203,0.003921569
260,29075.96755,20,0.012928306,0.018805378,0.357263335,0.453554066,0.012138189
261,29075.97312,17,0.025357551,0.025196437,0.093672254,0.056763669,0.003921569
262,29075.97866,18,0.015948938,0.02294667,0.088891524,0.060526255,0.003921569
263,29075.98422,20,0.012933559,0.01881732,0.357136833,0.453448077,0.01232493
264,29075.98976,17,0.025289258,0.025146283,0.093645899,0.056553996,0.003921569
265,29075.99533,18,0.015985711,0.022896515,0.088873076,0.060468653,0.003921569
266,29076.0009,20,0.0128784,0.01880299,0.357395109,0.453593235,0.011577965
267,29076.00643,17,0.02539695,0.025213155,0.093756589,0.056551692,0.003921569
268,29076.012,18,0.015912165,0.022937116,0.08886517,0.060595378,0.003921569
269,29076.01754,20,0.012867893,0.01881732,0.357147375,0.453577107,0.011951447
270,29076.0231,17,0.025347044,0.025148671,0.093977968,0.056574733,0.003921569
271,29076.02864,18,0.015909539,0.023025483,0.088691229,0.060570033,0.003921569
272,29076.03421,20,0.012928306,0.018958229,0.357445182,0.453473422,0.011951447
273,29076.03974,17,0.025449483,0.025112847,0.094223066,0.056586254,0.003921569
274,29076.04531,18,0.015851753,0.02291801,0.089073371,0.060466349,0.003921569
275,29076.05088,20,0.012944066,0.018855532,0.357073582,0.453392779,0.011764706
276,29076.05642,17,0.025318151,0.025170166,0.094146637,0.056669201,0.003921569
277,29076.06198,18,0.015927925,0.02291801,0.088490934,0.060699062,0.003921569
278,29076.06752,20,0.012896786,0.018912851,0.357366118,0.453480335,0.011951447
279,29076.07309,17,0.025289258,0.02517733,0.09365117,0.056475657,0.003921569
280,29076.07862,18,0.015893779,0.02293234,0.088374974,0.06054008,0.003921569
281,29076.08419,20,0.012949319,0.018812543,0.357184272,0.453595539,0.011577965
282,29076.08976,17,0.025365431,0.025198825,0.093516762,0.056429575,0.003921569
283,29076.0953,18,0.015780833,0.022858303,0.088332806,0.060335015,0.003921569
284,29076.10086,20,0.012970332,0.018877027,0.357194813,0.453577107,0.01232493
285,29076.1064,17,0.025328658,0.025124788,0.093398166,0.056330499,0.003921569
286,29076.11197,18,0.015864886,0.022960999,0.088493569,0.060491694,0.003921569
287,29076.1175,20,0.012925679,0.018736118,0.357207991,0.453298311,0.012138189
288,29076.12307,17,0.025347044,0.025053139,0.09362218,0.056171517,0.003921569
289,29076.12861,18,0.015893779,0.022913234,0.08849884,0.060339624,0.003921569
290,29076.13418,20,0.01288628,0.018779107,0.357221168,0.453332873,0.01232493
291,29076.13974,17,0.025289258,0.025079411,0.093643264,0.056086265,0.003921569
292,29076.14528,18,0.015841246,0.022827255,0.088274826,0.060358056,0.003921569
293,29076.15085,20,0.012909919,0.018850756,0.357592768,0.453540241,0.012138189
294,29076.15638,17,0.025307645,0.025036421,0.093442969,0.056169213,0.003921569
295,29076.16195,18,0.01575982,0.022753218,0.088008644,0.060219811,0.003921569
296,29076.16752,20,0.012881026,0.018805378,0.357192178,0.453438861,0.011577965
297,29076.17306,17,0.025273499,0.02510807,0.09325058,0.056305154,0.003921569
298,29076.17859,18,0.015793967,0.022870244,0.087998102,0.060178337,0.003921569
299,29076.18416,20,0.01286264,0.018781496,0.357442547,0.453452685,0.01232493
300,29076.18973,17,0.025257739,0.025079411,0.092921147,0.056406534,0.003921569
301,29076.19526,18,0.015825486,0.022922787,0.087913768,0.060335015,0.003921569
302,29076.20083,20,0.012912546,0.018791049,0.357171094,0.453620884,0.012138189
303,29076.20637,17,0.025291885,0.025148671,0.093158339,0.056268289,0.003921569
304,29076.21194,18,0.015912165,0.022772325,0.088345984,0.06011843,0.003921569
305,29076.2175,20,0.012899413,0.018779107,0.357305503,0.453296007,0.01232493
306,29076.22304,17,0.025284005,0.025131953,0.093269028,0.056054008,0.003921569
307,29076.22858,18,0.015906912,0.022882186,0.088356525,0.060233635,0.003921569
308,29076.23414,20,0.012904666,0.018834038,0.357505798,0.453344393,0.012138189
309,29076.23971,17,0.025291885,0.025019703,0.093440333,0.055929587,0.003921569
310,29076.24525,18,0.015867512,0.022851138,0.088477757,0.060263588,0.003921569
311,29076.25082,20,0.01285476,0.018834038,0.357276513,0.453501071,0.012138189
312,29076.25635,17,0.025347044,0.0251224,0.093551023,0.055977973,0.003921569
313,29076.26192,18,0.015899032,0.022901292,0.088562092,0.060388009,0.003921569
314,29076.26749,20,0.012867893,0.018740895,0.357239616,0.453385867,0.011951447
315,29076.27302,17,0.025328658,0.025110458,0.093464052,0.056178429,0.003921569
316,29076.27859,18,0.015857006,0.022925175,0.08826692,0.060427179,0.003921569
317,29076.28413,20,0.012925679,0.01883165,0.357073582,0.453035644,0.011764706
318,29076.2897,17,0.025278752,0.025110458,0.093208412,0.056063224,0.003921569
319,29076.29523,18,0.015833366,0.022800984,0.088251107,0.060570033,0.003921569
320,29076.3008,20,0.012875773,0.01880299,0.35717373,0.45341582,0.011951447
321,29076.30637,17,0.025202579,0.025050751,0.093097723,0.056063224,0.003921569
322,29076.3119,18,0.015846499,0.022841585,0.088259013,0.060528559,0.003921569
323,29076.31747,20,0.012925679,0.018760001,0.35723171,0.453510288,0.011764706
324,29076.32301,17,0.025320778,0.025086575,0.093545752,0.055876593,0.003921569
325,29076.32858,18,0.015843873,0.022922787,0.088461944,0.060388009,0.003921569
326,29076.33411,20,0.01289416,0.01873373,0.356939174,0.45356789,0.012138189
327,29076.33968,17,0.025291885,0.025081799,0.093875184,0.055881201,0.003921569
328,29076.34522,18,0.015893779,0.022846361,0.088796648,0.060332711,0.003921569
329,29076.35078,20,0.012899413,0.01878866,0.357321316,0.453593235,0.011577965
330,29076.35635,17,0.025268245,0.025151059,0.09362218,0.055931891,0.003921569
331,29076.36189,18,0.015883272,0.022970552,0.088448767,0.060353448,0.003921569
332,29076.36746,20,0.012820614,0.018712235,0.356968164,0.453694615,0.012138189
333,29076.37299,17,0.025223592,0.025000597,0.093590555,0.055931891,0.003921569
334,29076.37856,18,0.015804473,0.022877409,0.088409235,0.060388009,0.003921569
335,29076.3841,20,0.012962452,0.018869862,0.357171094,0.453362826,0.01232493
336,29076.38966,17,0.025202579,0.025081799,0.093295383,0.055901938,0.003921569
337,29076.39523,18,0.015809726,0.02284875,0.088085073,0.060286629,0.003921569
338,29076.40077,20,0.012904666,0.018762389,0.357039321,0.45341582,0.012138189
339,29076.40634,17,0.025265619,0.024974326,0.092942231,0.055855856,0.003921569
340,29076.41187,18,0.015899032,0.022760383,0.088132511,0.060217507,0.003921569
341,29076.41744,20,0.012904666,0.018829261,0.357321316,0.453521808,0.011577965
342,29076.42298,17,0.025234099,0.025065081,0.093034472,0.05581899,0.003921569
343,29076.42854,18,0.015849126,0.022772325,0.088335442,0.060424875,0.003921569
344,29076.43408,20,0.012860013,0.018740895,0.357215897,0.453922721,0.011577965
345,29076.43965,17,0.025284005,0.025141506,0.092799916,0.056047096,0.003921569
346,29076.44522,18,0.015835993,0.022865468,0.088003373,0.06019677,0.003921569
347,29076.45075,20,0.012904666,0.018812543,0.357110479,0.453484943,0.012698413
348,29076.45632,17,0.025265619,0.025115235,0.093058191,0.055938803,0.003921569
349,29076.46186,18,0.015809726,0.02276516,0.088013915,0.060134559,0.003921569
350,29076.46742,20,0.012833747,0.018745671,0.35728969,0.453733785,0.011764706
351,29076.47296,17,0.02518682,0.025077022,0.093255851,0.055846639,0.003921569
352,29076.47853,18,0.015838619,0.022746053,0.088116698,0.05991567,0.003921569
353,29076.48406,20,0.01288628,0.018896133,0.357323951,0.45345499,0.012138189
354,29076.48963,17,0.025291885,0.025043586,0.093408708,0.055740651,0.003921569
355,29076.4952,18,0.015786087,0.02275083,0.088066624,0.059761296,0.003921569
356,29076.50074,20,0.012891533,0.018745671,0.357468902,0.45355637,0.012511671
357,29076.5063,17,0.025202579,0.024969549,0.093018659,0.055722218,0.003921569
358,29076.51184,18,0.01582286,0.022707841,0.087776724,0.059703693,0.003921569
359,29076.51741,20,0.01288628,0.018829261,0.357403015,0.453390475,0.012138189
360,29076.52294,17,0.025249859,0.024952831,0.092515286,0.0557683,0.003921569
361,29076.52851,18,0.015762447,0.022796207,0.087328695,0.059648395,0.003921569
362,29076.53408,20,0.012833747,0.018822096,0.357265971,0.453372042,0.01232493
363,29076.53962,17,0.025286632,0.025034033,0.092386148,0.055874289,0.003921569
364,29076.54518,18,0.015796593,0.022793819,0.08724436,0.05977512,0.003921569
365,29076.55072,20,0.012875773,0.018862697,0.357323951,0.453160065,0.012138189
366,29076.55629,17,0.025239352,0.025050751,0.092686591,0.055911154,0.003921569
367,29076.56182,18,0.0158071,0.022734112,0.087341872,0.059613834,0.003921569
368,29076.56739,20,0.012907293,0.018738506,0.35720272,0.45360706,0.011951447
369,29076.57293,17,0.025134287,0.025043586,0.092847354,0.055657704,0.003921569
370,29076.5785,18,0.015793967,0.022626639,0.087391946,0.059450243,0.003921569
371,29076.58406,20,0.01286264,0.018824485,0.357113114,0.453646229,0.011951447
372,29076.5896,17,0.025184193,0.024962384,0.092863167,0.055809774,0.003921569
373,29076.59517,18,0.01579134,0.022784266,0.08727335,0.059434114,0.003921569
374,29076.6007,20,0.012944066,0.018841203,0.35703405,0.45322458,0.011577965
375,29076.60627,17,0.025205206,0.025014927,0.092918511,0.055703786,0.003921569
376,29076.61181,18,0.015694154,0.02265291,0.087041429,0.059487109,0.003921569
377,29076.61741,20,0.012883653,0.018917628,0.357150011,0.453256837,0.01232493
378,29076.62291,17,0.025223592,0.025034033,0.092449399,0.055770604,0.003921569
379,29076.62848,18,0.015817606,0.022717394,0.087030888,0.059473284,0.003921569
380,29076.63405,20,0.012923053,0.018738506,0.357097301,0.453353609,0.011764706
381,29076.63958,17,0.025192073,0.025026868,0.092560089,0.055710698,0.003921569
382,29076.64515,18,0.015694154,0.022793819,0.086983449,0.059468676,0.003921569
383,29076.65069,20,0.01290204,0.018793437,0.356936538,0.453431949,0.011577965
384,29076.65626,17,0.025226219,0.02502448,0.092565359,0.055660008,0.003921569
385,29076.66179,18,0.015725674,0.022612309,0.087228547,0.059293565,0.003921569
386,29076.66739,20,0.012972959,0.01881732,0.356994518,0.453176194,0.01232493
387,29076.67293,17,0.025168433,0.025036421,0.092947502,0.055558628,0.003921569
388,29076.67846,18,0.015772954,0.022710229,0.087489458,0.059143799,0.003921569
389,29076.68403,20,0.012888906,0.018721788,0.357387202,0.45356789,0.011951447
390,29076.68957,17,0.025276125,0.02502448,0.093047649,0.05551485,0.003921569
391,29076.69514,18,0.015728301,0.022655298,0.087378769,0.058945646,0.003921569
392,29076.70067,20,0.012881026,0.018874639,0.357010331,0.4535172,0.011577965
393,29076.70624,17,0.025270872,0.024983879,0.092976492,0.05536278,0.003921569
394,29076.71178,18,0.015749314,0.022707841,0.087465739,0.059118453,0.003921569
395,29076.71741,20,0.012896786,0.018760001,0.356986612,0.453664662,0.011577965
396,29076.72291,17,0.025239352,0.024969549,0.092462576,0.055360476,0.003921569
397,29076.72845,18,0.015678395,0.022643357,0.086880666,0.059173752,0.003921569
398,29076.73402,20,0.012915173,0.018779107,0.356849568,0.453395083,0.012138189
399,29076.73955,17,0.025031848,0.025002985,0.092206937,0.055524066,0.003921569
400,29076.74512,18,0.015681021,0.022755607,0.087041429,0.059201401,0.003921569
401,29076.75066,20,0.012865267,0.01870507,0.357181636,0.453342089,0.011951447
402,29076.75622,17,0.025220966,0.024983879,0.092694497,0.055501025,0.003921569
403,29076.76176,18,0.015746687,0.022664852,0.087254902,0.059284348,0.003921569
404,29076.76733,20,0.012917799,0.018795825,0.356902277,0.453533329,0.011951447
405,29076.7729,17,0.025220966,0.024986267,0.092902699,0.055365084,0.003921569
406,29076.77843,18,0.01583074,0.022691123,0.08747101,0.059070068,0.003921569
407,29076.784,20,0.012941439,0.018771942,0.356910183,0.453054077,0.011951447
408,29076.78957,17,0.025252485,0.024914619,0.093016024,0.055581669,0.003921569
409,29076.7951,18,0.0158071,0.022712617,0.087552709,0.059208313,0.003921569
410,29076.80067,20,0.012917799,0.018783884,0.357284419,0.453436557,0.012138189
411,29076.80621,17,0.025333911,0.024969549,0.09325058,0.055319002,0.003921569
412,29076.81178,18,0.015770327,0.022633804,0.08741303,0.059162231,0.003921569
413,29076.81731,20,0.012991345,0.018757613,0.357236981,0.453399691,0.011764706
414,29076.82288,17,0.025189446,0.025019703,0.09350622,0.055445727,0.003921569
415,29076.82842,18,0.01579922,0.022753218,0.087600148,0.059047027,0.003921569
416,29076.83398,20,0.012923053,0.018736118,0.357326587,0.453395083,0.011764706
417,29076.83955,17,0.025320778,0.024945666,0.093442969,0.055395037,0.003921569
418,29076.84509,18,0.015754567,0.022595591,0.087513177,0.059044722,0.003921569
419,29076.85066,20,0.012925679,0.018848368,0.356875922,0.45347803,0.011951447
420,29076.85619,17,0.025320778,0.025096129,0.09293696,0.055355867,0.003921569
421,29076.86176,18,0.015728301,0.022655298,0.087260173,0.059208313,0.003921569
422,29076.8673,20,0.012941439,0.018807767,0.357250158,0.453397387,0.011764706
423,29076.87286,17,0.025228846,0.025019703,0.092604891,0.055381212,0.003921569
424,29076.8784,18,0.015757194,0.022640969,0.087220641,0.059226746,0.003921569
425,29076.88397,20,0.012896786,0.018760001,0.357297596,0.453404299,0.011764706
426,29076.88954,17,0.025205206,0.024950443,0.092678684,0.05536278,0.003921569
427,29076.89507,18,0.015633742,0.022624251,0.087175838,0.059277436,0.003921569
428,29076.90064,20,0.013014985,0.018779107,0.357239616,0.453558674,0.011951447
429,29076.90618,17,0.025262992,0.024967161,0.092705039,0.055678441,0.003921569
430,29076.91174,18,0.015749314,0.022645745,0.087291798,0.059295869,0.003921569
431,29076.91728,20,0.012896786,0.018738506,0.357184272,0.453395083,0.01232493
432,29076.92285,17,0.025257739,0.024952831,0.093063462,0.055208405,0.003921569
433,29076.92838,18,0.015654755,0.022605144,0.087418301,0.059035506,0.003921569
434,29076.93395,20,0.012954572,0.018786272,0.356978705,0.45331444,0.011951447
435,29076.93952,17,0.025244606,0.024924172,0.093100358,0.055192277,0.003921569
436,29076.94506,18,0.015804473,0.022643357,0.087394581,0.059083892,0.003921569
437,29076.95062,20,0.012896786,0.018791049,0.357055134,0.453229188,0.011764706
438,29076.95616,17,0.025226219,0.024993432,0.092723487,0.055286745,0.003921569
439,29076.96173,18,0.015738807,0.022633804,0.087086232,0.059194489,0.003921569
440,29076.96726,20,0.012920426,0.018702682,0.356999789,0.453602452,0.012138189
441,29076.97283,17,0.025079127,0.02495522,0.092325532,0.055166932,0.003921569
442,29076.9784,18,0.015654755,0.02263858,0.086862218,0.059226746,0.003921569
443,29076.98394,20,0.0128784,0.018760001,0.357176365,0.45331444,0.011764706
444,29076.9895,17,0.025160553,0.025043586,0.092088341,0.055404253,0.003921569
445,29076.99504,18,0.015644248,0.022593203,0.08709941,0.059325822,0.003921569
446,29077.00058,20,0.012857387,0.018779107,0.357350306,0.453533329,0.012138189
447,29077.00611,17,0.02517106,0.025026868,0.092235927,0.055503329,0.003921569
448,29077.01168,18,0.01579922,0.022691123,0.087260173,0.05943181,0.003921569
449,29077.01722,20,0.012883653,0.018752836,0.357018237,0.453254533,0.011764706
450,29077.02278,17,0.025273499,0.024924172,0.09287898,0.055551715,0.003921569
451,29077.02835,18,0.015728301,0.022738888,0.08738404,0.05952167,0.003921569
452,29077.03389,20,0.012907293,0.018717012,0.357252794,0.453528721,0.01232493
453,29077.03946,17,0.025202579,0.024936113,0.093050285,0.055136978,0.003921569
454,29077.04499,18,0.01579134,0.022629027,0.087484187,0.059332734,0.003921569
455,29077.05056,20,0.01286264,0.018697905,0.357113114,0.453240709,0.011764706
456,29077.0561,17,0.025228846,0.024850135,0.093010753,0.055166932,0.003921569
457,29077.06166,18,0.01582286,0.022746053,0.087210099,0.059388033,0.003921569
458,29077.0672,20,0.012867893,0.018786272,0.357055134,0.453572498,0.01232493
459,29077.07277,17,0.0251553,0.024979102,0.092365064,0.055010253,0.003921569
460,29077.07834,18,0.015694154,0.022645745,0.087323424,0.059408769,0.003921569
461,29077.08387,20,0.012852133,0.018793437,0.357036686,0.453418124,0.012138189
462,29077.08944,17,0.02514742,0.02492656,0.092415138,0.055065551,0.003921569
463,29077.09498,18,0.01575194,0.022683958,0.087051971,0.059494021,0.003921569
464,29077.10054,20,0.012899413,0.01870507,0.356973435,0.453489551,0.012138189
465,29077.10608,17,0.02517106,0.024945666,0.092346616,0.05513237,0.003921569
466,29077.11165,18,0.015681021,0.022581261,0.087146848,0.059473284,0.003921569
467,29077.11722,20,0.012867893,0.018810155,0.357126291,0.453514896,0.012138189
468,29077.12275,17,0.025205206,0.02495522,0.092201666,0.055247575,0.003921569
469,29077.12832,18,0.015681021,0.022660075,0.086846405,0.05952167,0.003921569
470,29077.13386,20,0.012909919,0.018707459,0.357184272,0.4535172,0.011951447
471,29077.13942,17,0.025226219,0.024917007,0.092249104,0.055395037,0.003921569
472,29077.14496,18,0.015717794,0.022731724,0.086725174,0.059703693,0.003921569
473,29077.15053,20,0.012909919,0.018693129,0.35700506,0.45331444,0.011577965
474,29077.15606,17,0.025160553,0.024878794,0.092444128,0.055533283,0.003921569
475,29077.16163,18,0.015654755,0.022719782,0.086880666,0.059738255,0.003921569
476,29077.1672,20,0.012957199,0.018767166,0.35711575,0.453190019,0.011764706
477,29077.17274,17,0.025168433,0.024914619,0.092523192,0.055249879,0.003921569
478,29077.1783,18,0.015725674,0.022640969,0.086680371,0.059604617,0.003921569
479,29077.18384,20,0.01289416,0.018752836,0.357065676,0.45336513,0.011764706
480,29077.18941,17,0.025113274,0.024924172,0.09245467,0.055169236,0.003921569
481,29077.19494,18,0.015662635,0.022686346,0.086885937,0.05971291,0.003921569
482,29077.20051,20,0.012920426,0.018764778,0.357134198,0.453342089,0.011577965
483,29077.20605,17,0.025060741,0.025019703,0.092156863,0.055348955,0.003921569
484,29077.21162,18,0.015736181,0.022679181,0.086817415,0.059777424,0.003921569
485,29077.21718,20,0.01288628,0.018781496,0.356456884,0.453236101,0.011951447
486,29077.22272,17,0.025197326,0.024866853,0.092249104,0.05527292,0.003921569
487,29077.22829,18,0.015738807,0.022679181,0.087007168,0.059715214,0.003921569
488,29077.23382,20,0.012881026,0.018693129,0.356936538,0.453277574,0.012138189
489,29077.23939,17,0.025055488,0.024888348,0.092491567,0.055199189,0.003921569
490,29077.24496,18,0.015749314,0.022664852,0.087102045,0.059544711,0.003921569
491,29077.2505,20,0.012875773,0.018755224,0.357321316,0.453461902,0.011951447
492,29077.25606,17,0.025202579,0.025005374,0.092536369,0.055139283,0.003921569
493,29077.2616,18,0.015757194,0.022626639,0.087254902,0.059500933,0.003921569
494,29077.26717,20,0.012828494,0.018805378,0.357189542,0.453503375,0.011951447
495,29077.2727,17,0.025234099,0.025026868,0.092873709,0.055148499,0.003921569
496,29077.27827,18,0.015804473,0.022655298,0.087426207,0.059459459,0.003921569
497,29077.28384,20,0.012946692,0.01873373,0.357236981,0.453316744,0.011951447
498,29077.28938,17,0.025152673,0.02491223,0.092773561,0.055166932,0.003921569
499,29077.29494,18,0.01581498,0.022574097,0.08735505,0.059583881,0.003921569
500,29077.30048,20,0.012891533,0.018822096,0.35706304,0.453270662,0.012138189
501,29077.30605,17,0.025165806,0.024905066,0.092172676,0.055136978,0.003921569
502,29077.31158,18,0.015728301,0.022662463,0.087347143,0.059466372,0.003921569
503,29077.31715,20,0.01287052,0.018795825,0.356810036,0.45355637,0.011577965
504,29077.32269,17,0.025094887,0.024962384,0.092006641,0.055063247,0.003921569
505,29077.32826,18,0.015696781,0.022672016,0.086996627,0.059537799,0.003921569
506,29077.33382,20,0.012915173,0.018757613,0.357223803,0.453489551,0.011951447
507,29077.33936,17,0.025150047,0.02494089,0.092301813,0.055088592,0.003921569
508,29077.34493,18,0.015741434,0.022605144,0.087476281,0.059376512,0.003921569
509,29077.35046,20,0.012957199,0.018676411,0.357076218,0.453019516,0.011951447
510,29077.35603,17,0.025302392,0.024826252,0.092554818,0.05522223,0.003921569
511,29077.36157,18,0.015772954,0.022700676,0.087905861,0.059540103,0.003921569
512,29077.36714,20,0.012938812,0.018714623,0.356852203,0.453166978,0.012138189
513,29077.37267,17,0.025181566,0.024921784,0.092926418,0.054964171,0.003921569
514,29077.37824,18,0.015746687,0.022617086,0.087866329,0.059314302,0.003921569
515,29077.38381,20,0.01288628,0.018750448,0.357355577,0.453374346,0.01232493
516,29077.38938,17,0.025252485,0.024957608,0.093200506,0.054973388,0.003921569
517,29077.39491,18,0.015793967,0.02266724,0.0878716,0.05922905,0.003921569
518,29077.40045,20,0.012983465,0.018712235,0.357236981,0.453422732,0.011951447
519,29077.40602,17,0.025126407,0.024840582,0.092481025,0.05492961,0.003921569
520,29077.41158,18,0.015786087,0.022490507,0.087518448,0.059302781,0.003921569
521,29077.41712,20,0.012873147,0.018793437,0.357200084,0.453565586,0.011951447
522,29077.42269,17,0.025071248,0.024799981,0.092362429,0.054904265,0.003921569
523,29077.42822,18,0.015762447,0.022624251,0.087550074,0.059141494,0.003921569
524,29077.43379,20,0.012986092,0.018685964,0.357126291,0.453268358,0.011764706
525,29077.43936,17,0.025213086,0.024799981,0.092752477,0.054766019,0.003921569
526,29077.4449,18,0.015809726,0.022543049,0.08772665,0.059270524,0.003921569
527,29077.45043,20,0.012962452,0.018647751,0.357142104,0.453245317,0.012138189
528,29077.456,17,0.025199953,0.024756992,0.092649694,0.054662335,0.003921569
529,29077.46157,18,0.01578346,0.022545437,0.087671305,0.059083892,0.003921569
530,29077.4671,20,0.012807481,0.018685964,0.357184272,0.453243013,0.012138189
531,29077.47267,17,0.02512378,0.024964773,0.09282627,0.054858183,0.003921569
532,29077.47821,18,0.015757194,0.022488118,0.087610689,0.058890348,0.003921569
533,29077.48378,20,0.01284688,0.018760001,0.35740565,0.453671574,0.011951447
534,29077.48938,17,0.025228846,0.024778486,0.093084546,0.054657727,0.003921569
535,29077.49488,18,0.01575194,0.022595591,0.08778463,0.05884657,0.003921569
536,29077.50042,20,0.012912546,0.018681187,0.356986612,0.453349001,0.01232493
537,29077.50598,17,0.025165806,0.024756992,0.092952773,0.054579388,0.003921569
538,29077.51155,18,0.015825486,0.022617086,0.087629138,0.058657635,0.003921569
539,29077.51709,20,0.012836374,0.018736118,0.356744149,0.453201539,0.012138189
540,29077.52266,17,0.02510802,0.024802369,0.092586443,0.054491832,0.003921569
541,29077.52819,18,0.015641622,0.022514389,0.087486823,0.058636898,0.003921569
542,29077.53376,20,0.012930933,0.018757613,0.357213262,0.453120896,0.01232493
543,29077.53936,17,0.025092261,0.024838193,0.092438857,0.054431926,0.003921569
544,29077.54486,18,0.015638995,0.022578873,0.087410394,0.058533214,0.003921569
545,29077.5504,20,0.012852133,0.018690741,0.357192178,0.453378954,0.011764706
546,29077.55597,17,0.025160553,0.02484297,0.092560089,0.054572475,0.003921569
547,29077.56154,18,0.015709914,0.02256932,0.087344508,0.058535518,0.003921569
548,29077.56707,20,0.012875773,0.018700294,0.357012966,0.453143937,0.011764706
549,29077.57264,17,0.025205206,0.024823864,0.092620704,0.054646206,0.003921569
550,29077.57818,18,0.015723047,0.022621862,0.087531626,0.058613857,0.003921569
551,29077.58374,20,0.012833747,0.018724177,0.357078853,0.453219972,0.012138189
552,29077.58928,17,0.025097514,0.024788039,0.092805187,0.054657727,0.003921569
553,29077.59485,18,0.015833366,0.022538272,0.087568522,0.058600032,0.003921569
554,29077.60038,20,0.012915173,0.018666858,0.356994518,0.453236101,0.011764706
555,29077.60595,17,0.025286632,0.024768933,0.093087181,0.05464851,0.003921569
556,29077.61152,18,0.015725674,0.022492895,0.087776724,0.058602336,0.003921569
557,29077.61706,20,0.012891533,0.018740895,0.357084124,0.453249925,0.011951447
558,29077.62262,17,0.025205206,0.024780875,0.09279728,0.054666943,0.003921569
559,29077.62816,18,0.015741434,0.022547825,0.087473645,0.058445658,0.003921569
560,29077.63373,20,0.012909919,0.018805378,0.357084124,0.453070206,0.011951447
561,29077.63926,17,0.025113274,0.024838193,0.092188488,0.054590908,0.003921569
562,29077.64483,18,0.015662635,0.022519166,0.087007168,0.058415705,0.003921569
563,29077.65037,20,0.01288628,0.018738506,0.357236981,0.453229188,0.011577965
564,29077.65594,17,0.025071248,0.024778486,0.092233291,0.05473837,0.003921569
565,29077.6615,18,0.015744061,0.0224714,0.087065149,0.058369623,0.003921569
566,29077.66704,20,0.012891533,0.018824485,0.357023508,0.453360522,0.012138189
567,29077.67261,17,0.025081754,0.024804757,0.092388783,0.054662335,0.003921569
568,29077.67814,18,0.015628489,0.022545437,0.086809509,0.058323541,0.003921569
569,29077.68371,20,0.012899413,0.018740895,0.357268606,0.453272966,0.012138189
570,29077.68928,17,0.02513166,0.024680567,0.092470483,0.054643902,0.003921569
571,29077.69482,18,0.015681021,0.022507225,0.087044065,0.058215248,0.003921569
572,29077.70038,20,0.012857387,0.018740895,0.357142104,0.453266054,0.011951447
573,29077.70592,17,0.025194699,0.02475938,0.092823635,0.054616253,0.003921569
574,29077.71149,18,0.015730927,0.022488118,0.086993991,0.058305108,0.003921569
575,29077.71702,20,0.012891533,0.018674023,0.357218533,0.453627797,0.01232493
576,29077.72259,17,0.025241979,0.024740274,0.09271031,0.054581692,0.003921569
577,29077.72816,18,0.015678395,0.022514389,0.086978178,0.058118477,0.003921569
578,29077.7337,20,0.01287052,0.018662081,0.357044592,0.453090943,0.012511671
579,29077.73926,17,0.025079127,0.024859688,0.092249104,0.054627774,0.003921569
580,29077.7448,18,0.015657382,0.022418858,0.08670409,0.058286675,0.003921569
581,29077.75037,20,0.012860013,0.018779107,0.357099937,0.453245317,0.012138189
582,29077.7559,17,0.02512378,0.024814311,0.091851149,0.054632382,0.003921569
583,29077.76147,18,0.015675768,0.022423634,0.086387835,0.058173775,0.003921569
584,29077.76701,20,0.012849507,0.01873373,0.357218533,0.453378954,0.011577965
585,29077.77258,17,0.024989822,0.024883571,0.091766814,0.054579388,0.003921569
586,29077.77814,18,0.015604849,0.022383034,0.086324584,0.057964102,0.003921569
587,29077.78368,20,0.0128784,0.018554608,0.357073582,0.453187715,0.01232493
588,29077.78925,17,0.025071248,0.024742662,0.091837972,0.05459782,0.003921569
589,29077.79478,18,0.015625862,0.022363927,0.08639047,0.057950278,0.003921569
590,29077.80035,20,0.0128784,0.018724177,0.357036686,0.453243013,0.011764706
591,29077.80589,17,0.025060741,0.024821475,0.091766814,0.054567867,0.003921569
592,29077.81146,18,0.015694154,0.022495283,0.086300864,0.058028617,0.003921569
593,29077.81699,20,0.012938812,0.018676411,0.357252794,0.453475726,0.012138189
594,29077.82256,17,0.025052861,0.024788039,0.091946026,0.054593212,0.003921569
595,29077.82813,18,0.01551029,0.022368704,0.086295594,0.058120781,0.003921569
596,29077.83366,20,0.012867893,0.018764778,0.357018237,0.453254533,0.011951447
597,29077.83923,17,0.025173686,0.024807146,0.092420409,0.054662335,0.003921569
598,29077.84477,18,0.015696781,0.022390198,0.086680371,0.058012488,0.003921569
599,29077.85034,20,0.012789094,0.018750448,0.356770504,0.453229188,0.011764706
600,29077.85587,17,0.025058114,0.024854912,0.092254375,0.054717633,0.003921569
601,29077.86144,18,0.015617982,0.02237348,0.086593401,0.058035529,0.003921569
602,29077.86701,20,0.012865267,0.018738506,0.356957622,0.453217668,0.011951447
603,29077.87254,17,0.02510802,0.0248573,0.092164769,0.054602429,0.003921569
604,29077.87811,18,0.015646875,0.022571708,0.086596036,0.058012488,0.003921569
605,29077.88365,20,0.0128784,0.018755224,0.356886464,0.453411212,0.012138189
606,29077.88922,17,0.025010835,0.024706838,0.092499473,0.054588604,0.003921569
607,29077.89475,18,0.015670515,0.022521554,0.087033523,0.057934149,0.003921569
608,29077.90032,20,0.012946692,0.018721788,0.35700506,0.453231492,0.011951447
609,29077.90586,17,0.025042355,0.024780875,0.092794645,0.054565563,0.003921569
610,29077.91142,18,0.015709914,0.0224714,0.087136306,0.057947974,0.003921569
611,29077.91699,20,0.012825867,0.018688352,0.357179001,0.453441165,0.011577965
612,29077.92253,17,0.025220966,0.024788039,0.092968585,0.054443446,0.003921569
613,29077.9281,18,0.015667888,0.022351986,0.08747101,0.05771526,0.003921569
614,29077.93363,20,0.01282324,0.018688352,0.357099937,0.453178498,0.011951447
615,29077.9392,17,0.025181566,0.024723556,0.093290112,0.054372019,0.003921569
616,29077.94474,18,0.01575194,0.022449906,0.087552709,0.057775166,0.003921569
617,29077.9503,20,0.01289416,0.018700294,0.357113114,0.453270662,0.011577965
618,29077.95584,17,0.0251553,0.024807146,0.093092452,0.054471095,0.003921569
619,29077.96141,18,0.01575194,0.022480953,0.087333966,0.057782079,0.003921569
620,29077.96698,20,0.012836374,0.018810155,0.357131562,0.453480335,0.012138189
621,29077.97251,17,0.025042355,0.024761768,0.092407232,0.054450358,0.003921569
622,29077.97808,18,0.015730927,0.022423634,0.087207464,0.057924933,0.003921569
623,29077.98365,20,0.012867893,0.018740895,0.356994518,0.453609364,0.011764706
624,29077.98918,17,0.025105394,0.024785651,0.092417774,0.054613949,0.003921569
625,29077.99472,18,0.015607475,0.022414081,0.087170567,0.057788991,0.003921569
626,29078.00029,20,0.012936186,0.018805378,0.357297596,0.453302919,0.012138189
627,29078.00586,17,0.025055488,0.024776098,0.092628611,0.054600124,0.003921569
628,29078.01139,18,0.015770327,0.022449906,0.087320789,0.057874243,0.003921569
629,29078.01696,20,0.01288628,0.018774331,0.357026144,0.453646229,0.012138189
630,29078.0225,17,0.0251553,0.024761768,0.092913241,0.054692288,0.003921569
631,29078.02806,18,0.015665261,0.022497671,0.087386675,0.057846593,0.003921569
632,29078.0336,20,0.012912546,0.018805378,0.357150011,0.453187715,0.01232493
633,29078.03917,17,0.025257739,0.02469012,0.093095087,0.054441142,0.003921569
634,29078.0447,18,0.015741434,0.022447517,0.087291798,0.05781664,0.003921569
635,29078.05027,20,0.012817987,0.018681187,0.356952351,0.453395083,0.012138189
636,29078.05584,17,0.025249859,0.024833417,0.093174151,0.054556347,0.003921569
637,29078.06138,18,0.015683648,0.022445129,0.087225912,0.057830465,0.003921569
638,29078.06694,20,0.012857387,0.018738506,0.356696711,0.453146241,0.011577965
639,29078.07248,17,0.025210459,0.024764157,0.093155703,0.054505657,0.003921569
640,29078.07805,18,0.015662635,0.022437964,0.087299705,0.057846593,0.003921569
641,29078.08362,20,0.012909919,0.018724177,0.356799494,0.453065598,0.011764706
642,29078.08915,17,0.025002955,0.024862076,0.092328168,0.054554043,0.003921569
643,29078.09472,18,0.015762447,0.022378257,0.086949188,0.058030921,0.003921569
644,29078.10026,20,0.012957199,0.01870507,0.356736243,0.452793714,0.012138189
645,29078.10582,17,0.025044981,0.024685343,0.092098883,0.054630078,0.003921569
646,29078.11136,18,0.015583836,0.022449906,0.08709941,0.058146126,0.003921569
647,29078.11693,20,0.012920426,0.018707459,0.357363483,0.453081726,0.012138189
648,29078.12246,17,0.025113274,0.024685343,0.092233291,0.054694592,0.003921569
649,29078.12803,18,0.01575982,0.022528719,0.087033523,0.058139213,0.003921569
650,29078.1336,20,0.01289416,0.018690741,0.357023508,0.453067902,0.011951447
651,29078.13914,17,0.025215713,0.024816699,0.092834177,0.054551738,0.003921569
652,29078.1447,18,0.015715168,0.022445129,0.087120493,0.058088523,0.003921569
653,29078.15024,20,0.012928306,0.01873373,0.356944444,0.452945785,0.011764706
654,29078.15581,17,0.025247232,0.024847747,0.092763019,0.054390452,0.003921569
655,29078.16138,18,0.015717794,0.022502448,0.087199557,0.058127693,0.003921569
656,29078.16691,20,0.01288628,0.018738506,0.35686011,0.453298311,0.011577965
657,29078.17248,17,0.025260365,0.024809534,0.093126713,0.054376627,0.003921569
658,29078.17802,18,0.015733554,0.022552602,0.087347143,0.058178383,0.003921569
659,29078.18358,20,0.012896786,0.018745671,0.357084124,0.453358218,0.011764706
660,29078.18912,17,0.025160553,0.024747439,0.092504744,0.054696896,0.003921569
661,29078.19469,18,0.015733554,0.022414081,0.086833228,0.058353494,0.003921569
662,29078.20022,20,0.012875773,0.018795825,0.357060405,0.452952697,0.011764706
663,29078.20579,17,0.025005582,0.024866853,0.091946026,0.054643902,0.003921569
664,29078.21136,18,0.015707288,0.022507225,0.086709361,0.058337365,0.003921569
665,29078.2169,20,0.012923053,0.018745671,0.356791588,0.453353609,0.01232493
666,29078.22246,17,0.025047608,0.024692508,0.091911765,0.054558651,0.003921569
667,29078.228,18,0.015602222,0.022545437,0.086596036,0.058406488,0.003921569
668,29078.23357,20,0.012841627,0.018669246,0.357197449,0.45327527,0.01232493
669,29078.2391,17,0.02517894,0.024756992,0.092085705,0.054620861,0.003921569
670,29078.24467,18,0.015644248,0.022445129,0.086949188,0.05850326,0.003921569
671,29078.25021,20,0.01285476,0.0187194,0.357015602,0.453148545,0.011951447
672,29078.25578,17,0.025094887,0.024885959,0.092138415,0.054641598,0.003921569
673,29078.26138,18,0.015610102,0.022633804,0.086622391,0.058392664,0.003921569
674,29078.26688,20,0.012920426,0.018671634,0.356883829,0.45327527,0.011764706
675,29078.27245,17,0.025002955,0.024869241,0.092061986,0.054531002,0.003921569
676,29078.27798,18,0.015681021,0.022550214,0.086880666,0.058625377,0.003921569
677,29078.28355,20,0.012875773,0.018685964,0.357055134,0.453194627,0.011951447
678,29078.28909,17,0.025079127,0.024819087,0.092064622,0.054438838,0.003921569
679,29078.29466,18,0.015662635,0.022586038,0.086590765,0.058696804,0.003921569
680,29078.30019,20,0.012820614,0.018724177,0.35712102,0.453077118,0.011951447
681,29078.30576,17,0.024968809,0.024692508,0.091669302,0.054634686,0.003921569
682,29078.31136,18,0.015554943,0.022526331,0.086401012,0.058657635,0.003921569
683,29078.31686,20,0.01288628,0.018712235,0.357152646,0.453113984,0.011951447
684,29078.32243,17,0.024945169,0.024737885,0.091144845,0.05459782,0.003921569
685,29078.32797,18,0.015554943,0.022449906,0.085858107,0.058646114,0.003921569
686,29078.33354,20,0.012891533,0.018757613,0.356912819,0.453166978,0.011951447
687,29078.33907,17,0.024926783,0.024725944,0.091139574,0.054607037,0.003921569
688,29078.34464,18,0.015544436,0.02233288,0.085881826,0.058547038,0.003921569
689,29078.35018,20,0.012970332,0.01878866,0.356954986,0.453323656,0.011764706
690,29078.35574,17,0.024989822,0.024742662,0.091479549,0.054775236,0.003921569
691,29078.36131,18,0.01552605,0.022361539,0.086148008,0.058726757,0.003921569
692,29078.36685,20,0.012896786,0.018688352,0.357070947,0.453404299,0.011951447
693,29078.37242,17,0.024984569,0.024752215,0.091953932,0.05454713,0.003921569
694,29078.37795,18,0.015709914,0.02231855,0.086524879,0.058496348,0.003921569
695,29078.38352,20,0.01288628,0.018652528,0.357076218,0.452978042,0.011951447
696,29078.38906,17,0.025176313,0.024723556,0.092243833,0.054337458,0.003921569
697,29078.39462,18,0.015623235,0.022344821,0.086701455,0.058466395,0.003921569
698,29078.40016,20,0.012839,0.018693129,0.357379296,0.453362826,0.011951447
699,29078.40573,17,0.025034475,0.024862076,0.092346616,0.054448054,0.003921569
700,29078.4113,18,0.015712541,0.022411693,0.086535421,0.058722149,0.003921569
701,29078.41683,20,0.012909919,0.018664469,0.357113114,0.453058685,0.011764706
702,29078.4224,17,0.025026595,0.024699673,0.091938119,0.054563259,0.003921569
703,29078.42794,18,0.015660008,0.02241647,0.08639047,0.058715237,0.003921569
704,29078.4335,20,0.01287052,0.018657305,0.356825849,0.453360522,0.011764706
705,29078.43904,17,0.025026595,0.024721167,0.091893316,0.054438838,0.003921569
706,29078.44461,18,0.015644248,0.022354374,0.08653015,0.058549342,0.003921569
707,29078.45018,20,0.012867893,0.018554608,0.356944444,0.453452685,0.011577965
708,29078.45571,17,0.024984569,0.024649519,0.091861691,0.054779844,0.003921569
709,29078.46128,18,0.015670515,0.022437964,0.086756799,0.058696804,0.003921569
710,29078.46682,20,0.012841627,0.018652528,0.357105208,0.452964217,0.011764706
711,29078.47238,17,0.02512378,0.024714003,0.09217004,0.054793668,0.003921569
712,29078.47792,18,0.015644248,0.022435576,0.086751529,0.058616161,0.003921569
713,29078.48349,20,0.012820614,0.018697905,0.356989247,0.453344393,0.012138189
714,29078.48902,17,0.025100141,0.02456354,0.092209572,0.05443423,0.003921569
715,29078.49459,18,0.015625862,0.022368704,0.086775248,0.058116172,0.003921569
716,29078.50016,20,0.01287052,0.018674023,0.357089395,0.453100159,0.011951447
717,29078.5057,17,0.025076501,0.024742662,0.092072528,0.054162346,0.003921569
718,29078.51126,18,0.015636368,0.02233288,0.086667194,0.058044746,0.003921569
719,29078.5168,20,0.012860013,0.018628645,0.356765233,0.453544849,0.011951447
720,29078.52237,17,0.025097514,0.024711614,0.092233291,0.054166955,0.003921569
721,29078.5279,18,0.015586462,0.022299444,0.086553869,0.058212944,0.003921569
722,29078.53347,20,0.012875773,0.018609539,0.357086759,0.453095551,0.012698413
723,29078.53904,17,0.025021341,0.024608918,0.091606051,0.05434437,0.003921569
724,29078.54458,18,0.015586462,0.022406916,0.086161185,0.05855395,0.003921569
725,29078.55014,20,0.01290204,0.018697905,0.356925996,0.453245317,0.01232493
726,29078.55568,17,0.025052861,0.024702061,0.091476913,0.054309809,0.003921569
727,29078.56125,18,0.015562823,0.022359151,0.085945077,0.0586945,0.003921569
728,29078.56678,20,0.012844254,0.018640587,0.356997154,0.453468814,0.011951447
729,29078.57235,17,0.025026595,0.024678178,0.091308244,0.054468791,0.003921569
730,29078.57792,18,0.015557569,0.022320938,0.085997786,0.058639202,0.003921569
731,29078.58346,20,0.012904666,0.018762389,0.356904913,0.453171586,0.011764706
732,29078.58902,17,0.024987195,0.024687731,0.091664031,0.054577083,0.003921569
733,29078.59456,18,0.01553393,0.022306608,0.086171727,0.058500956,0.003921569
734,29078.60013,20,0.01283112,0.018697905,0.35706304,0.453337481,0.011764706
735,29078.6057,17,0.025018715,0.02464713,0.09182743,0.05429368,0.003921569
736,29078.61123,18,0.015557569,0.022404528,0.086013599,0.058530909,0.003921569
737,29078.6168,20,0.012807481,0.018731342,0.357060405,0.453155457,0.011577965
738,29078.62234,17,0.025052861,0.024663848,0.091664031,0.054342066,0.003921569
739,29078.6279,18,0.015586462,0.022359151,0.085913451,0.058574687,0.003921569
740,29078.63344,20,0.01286264,0.018657305,0.35686011,0.453378954,0.011951447
741,29078.63901,17,0.025058114,0.024723556,0.091492726,0.054351282,0.003921569
742,29078.64454,18,0.01548665,0.022266007,0.085620915,0.058641506,0.003921569
743,29078.65011,20,0.01283112,0.018614315,0.356796859,0.453425036,0.012138189
744,29078.65568,17,0.024997702,0.024575482,0.091305608,0.054316721,0.003921569
745,29078.66122,18,0.01549453,0.022351986,0.085779043,0.058528605,0.003921569
746,29078.66678,20,0.012812734,0.018573715,0.356983976,0.453277574,0.011951447
747,29078.67232,17,0.025110647,0.024659072,0.091461101,0.054385844,0.003921569
748,29078.67789,18,0.015670515,0.022390198,0.085847565,0.058480219,0.003921569
749,29078.68342,20,0.01287052,0.01862148,0.356970799,0.45347803,0.011951447
750,29078.68899,17,0.024958302,0.024725944,0.091627135,0.054533306,0.003921569
751,29078.69453,18,0.015575956,0.022418858,0.085752688,0.05874519,0.003921569
752,29078.7001,20,0.01288628,0.018731342,0.356915454,0.45356789,0.011951447
753,29078.70566,17,0.024987195,0.024618471,0.091632406,0.054567867,0.003921569
754,29078.7112,18,0.015560196,0.022430799,0.085715792,0.058567775,0.003921569
755,29078.71677,20,0.012825867,0.018609539,0.356928632,0.45317389,0.011577965
756,29078.7223,17,0.024984569,0.024725944,0.091674573,0.054454966,0.003921569
757,29078.72787,18,0.015539183,0.022378257,0.085765865,0.058480219,0.003921569
758,29078.73341,20,0.0128784,0.018628645,0.357002425,0.45308403,0.011577965
759,29078.73898,17,0.025063368,0.024666237,0.092098883,0.054358195,0.003921569
760,29078.74451,18,0.015610102,0.022340044,0.086182269,0.058588512,0.003921569
761,29078.75008,20,0.012841627,0.018626257,0.357055134,0.453201539,0.011577965
762,29078.75565,17,0.025097514,0.024632801,0.091869597,0.054162346,0.003921569
763,29078.76118,18,0.01553393,0.022320938,0.086195446,0.058471003,0.003921569
764,29078.76675,20,0.012857387,0.018590433,0.35663346,0.453429644,0.011764706
765,29078.77229,17,0.025018715,0.024589812,0.091777356,0.054042534,0.003921569
766,29078.77786,18,0.015554943,0.022495283,0.086263968,0.058259026,0.003921569
767,29078.78339,20,0.01283112,0.018731342,0.356923361,0.453190019,0.012138189
768,29078.78896,17,0.025058114,0.0245922,0.091695657,0.054245294,0.003921569
769,29078.7945,18,0.015549689,0.022449906,0.086261332,0.058385751,0.003921569
770,29078.80006,20,0.01286264,0.01862148,0.357152646,0.453286791,0.011577965
771,29078.80563,17,0.025042355,0.024845358,0.091777356,0.054418101,0.003921569
772,29078.81117,18,0.015578582,0.022442741,0.085966161,0.058392664,0.003921569
773,29078.81674,20,0.012923053,0.018707459,0.357052498,0.45302182,0.01232493
774,29078.82227,17,0.025094887,0.024706838,0.091603416,0.054183083,0.003921569
775,29078.82784,18,0.015631115,0.022399752,0.086029412,0.058279763,0.003921569
776,29078.83341,20,0.01284688,0.018781496,0.356738878,0.453155457,0.01232493
777,29078.83894,17,0.025008208,0.024721167,0.091832701,0.054360499,0.003921569
778,29078.84448,18,0.015594342,0.022423634,0.086256062,0.058164558,0.003921569
779,29078.85005,20,0.01288628,0.01865014,0.356897006,0.453176194,0.012138189
780,29078.85562,17,0.02512378,0.024685343,0.092138415,0.054130089,0.003921569
781,29078.86115,18,0.015607475,0.022323326,0.086061037,0.058010184,0.003921569
782,29078.86672,20,0.012881026,0.0187194,0.357184272,0.453005691,0.01232493
783,29078.87226,17,0.025010835,0.024699673,0.0919144,0.053925025,0.003921569
784,29078.87782,18,0.015602222,0.022285114,0.085884461,0.05791802,0.003921569
785,29078.88339,20,0.012867893,0.018695517,0.357176365,0.453243013,0.011951447
786,29078.88893,17,0.024971435,0.024618471,0.091461101,0.054100136,0.003921569
787,29078.8945,18,0.015402598,0.022359151,0.085815939,0.05804705,0.003921569
788,29078.90003,20,0.012865267,0.018657305,0.356825849,0.452902007,0.011764706
789,29078.9056,17,0.024932036,0.02467579,0.091608686,0.054282159,0.003921569
790,29078.91114,18,0.015436744,0.022414081,0.085921358,0.058083915,0.003921569
791,29078.9167,20,0.012852133,0.018760001,0.356862745,0.453088639,0.011577965
792,29078.92224,17,0.025055488,0.024694896,0.091901223,0.05425451,0.003921569
793,29078.92781,18,0.015549689,0.022423634,0.086398377,0.058166863,0.003921569
794,29078.93338,20,0.012915173,0.018573715,0.356954986,0.452998779,0.01232493
795,29078.93891,17,0.025023968,0.024601753,0.092267552,0.054319025,0.003921569
796,29078.94448,18,0.015581209,0.022251678,0.086540692,0.058192208,0.003921569
797,29078.95002,20,0.012783841,0.01873373,0.357181636,0.453418124,0.011951447
798,29078.95558,17,0.025173686,0.024776098,0.092444128,0.054266031,0.003921569
799,29078.96112,18,0.015578582,0.022337656,0.086353574,0.058150734,0.003921569
800,29078.96669,20,0.012949319,0.0187194,0.356899642,0.453448077,0.011951447
801,29078.97222,17,0.025021341,0.024632801,0.091980287,0.05420382,0.003921569
802,29078.97779,18,0.015638995,0.022423634,0.086208623,0.058129997,0.003921569
803,29078.98336,20,0.012807481,0.018712235,0.357031415,0.453249925,0.01232493
804,29078.9889,17,0.024932036,0.024616083,0.091816888,0.054072487,0.003921569
805,29078.99446,18,0.015581209,0.022423634,0.086321948,0.057941061,0.003921569
806,29079,20,0.012839,0.018693129,0.35720272,0.453146241,0.011951447
807,29079.00557,17,0.025018715,0.024682955,0.092030361,0.054065575,0.003921569
808,29079.0111,18,0.015644248,0.022366316,0.086487982,0.057920324,0.003921569
809,29079.01667,20,0.012875773,0.01870507,0.356954986,0.453319048,0.01232493
810,29079.02221,17,0.025063368,0.02460653,0.092177946,0.054093224,0.003921569
811,29079.02778,18,0.015633742,0.022325715,0.086443179,0.057964102,0.003921569
812,29079.03338,20,0.012912546,0.018678799,0.356796859,0.453222276,0.011764706
813,29079.03888,17,0.025042355,0.024725944,0.092220114,0.054261423,0.003921569
814,29079.04445,18,0.015539183,0.022306608,0.086440544,0.058113868,0.003921569
815,29079.04998,20,0.012825867,0.018642975,0.356957622,0.453077118,0.012138189
816,29079.05555,17,0.025037101,0.024589812,0.092098883,0.05420382,0.003921569
817,29079.06112,18,0.015652128,0.022449906,0.086804238,0.058194512,0.003921569
818,29079.06666,20,0.012883653,0.018712235,0.356939174,0.452957305,0.011764706
819,29079.07222,17,0.025081754,0.024654295,0.092420409,0.054132393,0.003921569
820,29079.07776,18,0.015562823,0.022275561,0.08653015,0.058030921,0.003921569
821,29079.08336,20,0.012883653,0.01874806,0.35683112,0.453190019,0.011951447
822,29079.08886,17,0.024887383,0.024718779,0.09160078,0.053968803,0.003921569
823,29079.09443,18,0.015505037,0.022359151,0.0859319,0.057885763,0.003921569
824,29079.09997,20,0.012825867,0.01865014,0.356765233,0.453217668,0.011577965
825,29079.10554,17,0.024997702,0.024608918,0.09134514,0.053941153,0.003921569
826,29079.1111,18,0.015512916,0.022282726,0.085779043,0.057899588,0.003921569
827,29079.11664,20,0.012852133,0.018690741,0.356931267,0.45327527,0.011951447
828,29079.12221,17,0.025071248,0.024776098,0.091395214,0.053968803,0.003921569
829,29079.12774,18,0.01548665,0.022335268,0.085979338,0.058116172,0.003921569
830,29079.13338,20,0.01288628,0.018695517,0.356960257,0.453226884,0.011951447
831,29079.13885,17,0.025000328,0.024680567,0.091848514,0.05405175,0.003921569
832,29079.14442,18,0.015607475,0.022375869,0.086474805,0.058090827,0.003921569
833,29079.14995,20,0.012891533,0.018602374,0.357181636,0.453226884,0.011951447
834,29079.15552,17,0.024997702,0.024604141,0.092051444,0.054056358,0.003921569
835,29079.16109,18,0.015581209,0.022361539,0.086195446,0.058203728,0.003921569
836,29079.16662,20,0.012888906,0.018571326,0.356767868,0.453190019,0.011577965
837,29079.17219,17,0.025113274,0.024659072,0.091922307,0.053862814,0.003921569
838,29079.17773,18,0.015660008,0.022411693,0.086253426,0.05800788,0.003921569
839,29079.1833,20,0.013028118,0.018690741,0.357150011,0.452936568,0.011577965
840,29079.18883,17,0.025121154,0.024594588,0.09233871,0.053966498,0.003921569
841,29079.1944,18,0.015539183,0.022323326,0.086372022,0.058024009,0.003921569
842,29079.19997,20,0.012849507,0.018681187,0.357097301,0.452934264,0.011764706
843,29079.2055,17,0.025050234,0.02457787,0.091777356,0.053763738,0.003921569
844,29079.21107,18,0.015625862,0.022406916,0.086097934,0.057994055,0.003921569
845,29079.21661,20,0.012852133,0.018654916,0.35691809,0.453146241,0.011764706
846,29079.22218,17,0.024989822,0.024656684,0.091961838,0.05380982,0.003921569
847,29079.22771,18,0.015528676,0.022340044,0.086208623,0.058125389,0.003921569
848,29079.23328,20,0.012860013,0.018738506,0.35709203,0.453270662,0.011764706
849,29079.23882,17,0.024908396,0.024666237,0.091851149,0.053881247,0.003921569
850,29079.24438,18,0.015583836,0.022368704,0.086358845,0.058240594,0.003921569
851,29079.24995,20,0.01284688,0.018666858,0.356994518,0.453210756,0.01232493
852,29079.25549,17,0.024911023,0.024730721,0.091874868,0.054040229,0.003921569
853,29079.26106,18,0.015539183,0.022356762,0.086385199,0.058388056,0.003921569
854,29079.26659,20,0.012844254,0.018736118,0.357081489,0.453233796,0.011951447
855,29079.27216,17,0.025008208,0.024740274,0.091948661,0.053964194,0.003921569
856,29079.2777,18,0.01553393,0.022421246,0.086261332,0.058487132,0.003921569
857,29079.28326,20,0.01285476,0.018659693,0.357184272,0.453093247,0.011764706
858,29079.2888,17,0.025076501,0.024611306,0.092101518,0.054084007,0.003921569
859,29079.29437,18,0.015596969,0.022371092,0.086693548,0.058330453,0.003921569
860,29079.29994,20,0.012849507,0.018743283,0.356804765,0.453007995,0.012138189
861,29079.30547,17,0.02512378,0.02467579,0.092275459,0.05400106,0.003921569
862,29079.31104,18,0.015570702,0.022328103,0.086622391,0.058358102,0.003921569
863,29079.31658,20,0.012875773,0.018712235,0.356954986,0.453148545,0.011951447
864,29079.32214,17,0.024953049,0.02469012,0.091679844,0.053888159,0.003921569
865,29079.32771,18,0.015484023,0.022497671,0.086271874,0.058576991,0.003921569
866,29079.33325,20,0.012883653,0.018740895,0.356746785,0.453243013,0.011577965
867,29079.33882,17,0.024879503,0.024589812,0.09128716,0.053913504,0.003921569
868,29079.34435,18,0.015428864,0.022378257,0.0858502,0.058570079,0.003921569
869,29079.34992,20,0.012920426,0.018721788,0.356944444,0.453406604,0.011764706
870,29079.35546,17,0.024903143,0.024666237,0.091627135,0.054263727,0.003921569
871,29079.36102,18,0.015539183,0.022433188,0.086184904,0.058961775,0.003921569
872,29079.36656,20,0.012881026,0.01874806,0.357044592,0.453233796,0.012138189
873,29079.37213,17,0.025013462,0.02466146,0.091845878,0.0541923,0.003921569
874,29079.3777,18,0.015573329,0.022437964,0.086208623,0.058998641,0.003921569
875,29079.38323,20,0.012828494,0.018633422,0.356783681,0.453243013,0.011951447
876,29079.3888,17,0.024968809,0.02469012,0.091851149,0.054330545,0.003921569
877,29079.39434,18,0.015568076,0.02237348,0.086087392,0.05902629,0.003921569
878,29079.3999,20,0.01288628,0.018738506,0.357147375,0.45313472,0.011951447
879,29079.40544,17,0.024981942,0.024671013,0.091764179,0.054266031,0.003921569
880,29079.41101,18,0.015489277,0.022445129,0.086021505,0.058816617,0.003921569
881,29079.41654,20,0.0128784,0.018595209,0.356915454,0.453196931,0.011951447
882,29079.42211,17,0.025037101,0.024673402,0.091951297,0.054229165,0.003921569
883,29079.42768,18,0.015497157,0.022447517,0.086058402,0.05884657,0.003921569
884,29079.43322,20,0.012865267,0.018674023,0.35712102,0.453183106,0.011951447
885,29079.43878,17,0.025058114,0.024613694,0.091693021,0.053982627,0.003921569
886,29079.44432,18,0.015491903,0.022437964,0.086026776,0.058957167,0.003921569
887,29079.44989,20,0.012757575,0.018693129,0.356638731,0.453206147,0.012138189
888,29079.45542,17,0.024884756,0.024635189,0.091990829,0.053991844,0.003921569
889,29079.46099,18,0.015607475,0.022397363,0.086169091,0.059014769,0.003921569
890,29079.46653,20,0.012752321,0.018688352,0.357107843,0.453090943,0.011764706
891,29079.4721,17,0.024955676,0.024721167,0.092038267,0.054104744,0.003921569
892,29079.47766,18,0.015615355,0.022459459,0.086016234,0.058920301,0.003921569
893,29079.4832,20,0.012867893,0.018583268,0.357002425,0.453164674,0.01232493
894,29079.48877,17,0.024987195,0.024618471,0.091882775,0.054079399,0.003921569
895,29079.4943,18,0.015568076,0.0224714,0.08579222,0.058904173,0.003921569
896,29079.49987,20,0.012841627,0.018657305,0.356912819,0.453120896,0.011764706
897,29079.50544,17,0.024900516,0.024740274,0.091640312,0.054252206,0.003921569
898,29079.51098,18,0.015531303,0.022423634,0.085839658,0.05902629,0.003921569
899,29079.51654,20,0.012865267,0.018774331,0.357055134,0.453300615,0.011764706
900,29079.52208,17,0.025037101,0.024561152,0.091832701,0.054222253,0.003921569
901,29079.52765,18,0.015523423,0.022378257,0.085731604,0.058816617,0.003921569
902,29079.53318,20,0.012857387,0.018659693,0.356881193,0.453017212,0.011577965
903,29079.53875,17,0.024989822,0.024594588,0.091337234,0.053984931,0.003921569
904,29079.54432,18,0.015444624,0.02240214,0.085475965,0.058823529,0.003921569
905,29079.54986,20,0.012865267,0.018774331,0.356799494,0.453139329,0.01232493
906,29079.55542,17,0.024905769,0.024585035,0.091097407,0.054005668,0.003921569
907,29079.56096,18,0.015523423,0.022437964,0.085341556,0.05883505,0.003921569
908,29079.56653,20,0.012783841,0.018728953,0.356991883,0.453240709,0.012698413
909,29079.57206,17,0.024932036,0.024575482,0.091126397,0.054120873,0.003921569
910,29079.57763,18,0.015557569,0.022404528,0.085428526,0.05874519,0.003921569
911,29079.58317,20,0.012781214,0.018623869,0.356862745,0.452955001,0.011577965
912,29079.58874,17,0.024905769,0.024697285,0.091447923,0.054249902,0.003921569
913,29079.5943,18,0.015515543,0.022316162,0.085823846,0.058848874,0.003921569
914,29079.59984,20,0.012825867,0.018654916,0.356999789,0.453187715,0.012511671
915,29079.60541,17,0.025023968,0.024663848,0.091835336,0.054185387,0.003921569
916,29079.61094,18,0.015578582,0.022445129,0.085852836,0.058768231,0.003921569
917,29079.61651,20,0.012825867,0.018628645,0.356925996,0.453240709,0.011764706
918,29079.62205,17,0.024987195,0.024604141,0.091474278,0.054236078,0.003921569
919,29079.62762,18,0.015568076,0.022399752,0.085510226,0.058685284,0.003921569
920,29079.63315,20,0.012891533,0.018714623,0.356899642,0.452968826,0.012138189
921,29079.63872,17,0.025005582,0.024596976,0.091806346,0.054111656,0.003921569
922,29079.64429,18,0.015499783,0.022359151,0.085628821,0.05849174,0.003921569
923,29079.64982,20,0.012833747,0.018583268,0.356928632,0.453109375,0.011951447
924,29079.65539,17,0.024929409,0.024613694,0.091234451,0.053964194,0.003921569
925,29079.66093,18,0.015418358,0.022421246,0.085215054,0.058355798,0.003921569
926,29079.6665,20,0.01285476,0.018666858,0.356754691,0.453093247,0.012511671
927,29079.67203,17,0.024974062,0.024628024,0.09137413,0.05375913,0.003921569
928,29079.6776,18,0.015476144,0.022330491,0.085663082,0.058229073,0.003921569
929,29079.68314,20,0.012875773,0.018604762,0.356601834,0.453247621,0.012138189
930,29079.6887,17,0.024984569,0.02457787,0.091674573,0.053696919,0.003921569
931,29079.69427,18,0.015497157,0.022263619,0.085694708,0.058164558,0.003921569
932,29079.69981,20,0.012891533,0.018578491,0.356960257,0.453155457,0.011951447
933,29079.70538,17,0.024863743,0.024515775,0.091350411,0.053966498,0.003921569
934,29079.71091,18,0.015465637,0.022349598,0.085489142,0.058123085,0.003921569
935,29079.71648,20,0.012896786,0.018609539,0.35677841,0.452929656,0.011951447
936,29079.72202,17,0.025055488,0.024671013,0.091708834,0.053943458,0.003921569
937,29079.72758,18,0.015583836,0.022311385,0.085670989,0.057885763,0.003921569
938,29079.73312,20,0.0128784,0.018638198,0.356910183,0.453001083,0.011764706
939,29079.73869,17,0.024968809,0.024484727,0.091693021,0.05401258,0.003921569
940,29079.74426,18,0.015523423,0.022328103,0.085829117,0.058021705,0.003921569
941,29079.74979,20,0.012844254,0.018728953,0.356572844,0.453093247,0.012698413
942,29079.75536,17,0.025013462,0.024678178,0.091919671,0.053982627,0.003921569
943,29079.7609,18,0.015549689,0.022363927,0.085974067,0.057888067,0.003921569
944,29079.76646,20,0.012883653,0.018688352,0.356923361,0.453229188,0.011764706
945,29079.772,17,0.024840103,0.024558764,0.091656125,0.054058662,0.003921569
946,29079.77757,18,0.015484023,0.022254066,0.08579222,0.057876547,0.003921569
947,29079.78314,20,0.012841627,0.018762389,0.357036686,0.452821364,0.011951447
948,29079.78867,17,0.024958302,0.024561152,0.09122918,0.053830557,0.003921569
949,29079.79424,18,0.015497157,0.022187194,0.085702614,0.057706044,0.003921569
950,29079.79978,20,0.01287052,0.018599986,0.356823213,0.453514896,0.012138189
951,29079.80538,17,0.024947796,0.024556376,0.091505903,0.053802908,0.003921569
952,29079.81088,18,0.015531303,0.022347209,0.085797491,0.057673786,0.003921569
953,29079.81645,20,0.012852133,0.018683576,0.356675627,0.453113984,0.012138189
954,29079.82198,17,0.024981942,0.024625636,0.091592874,0.053835165,0.003921569
955,29079.82755,18,0.01553393,0.022263619,0.085718427,0.057699131,0.003921569
956,29079.83312,20,0.012799601,0.018736118,0.357065676,0.453077118,0.011951447
957,29079.83866,17,0.024853237,0.024503833,0.091350411,0.053835165,0.003921569
958,29079.84422,18,0.015570702,0.022335268,0.08613483,0.057706044,0.003921569
959,29079.84976,20,0.012896786,0.01873373,0.356728336,0.453229188,0.011951447
960,29079.85536,17,0.025000328,0.024747439,0.091930213,0.054116265,0.003921569
961,29079.86086,18,0.015657382,0.022349598,0.086569682,0.057837377,0.003921569
962,29079.86643,20,0.012836374,0.018671634,0.356744149,0.453088639,0.012138189
963,29079.87197,17,0.024924156,0.024728332,0.091619228,0.054111656,0.003921569
964,29079.87754,18,0.015625862,0.022301832,0.085863378,0.057759038,0.003921569
965,29079.8831,20,0.012907293,0.018638198,0.356983976,0.453201539,0.011577965
966,29079.88864,17,0.024926783,0.024620859,0.091121126,0.053812124,0.003921569
967,29079.89421,18,0.015573329,0.022187194,0.085781678,0.057480242,0.003921569
968,29079.89974,20,0.012951946,0.018714623,0.357142104,0.453074814,0.012138189
969,29079.90538,17,0.024887383,0.024685343,0.090870757,0.053878943,0.003921569
970,29079.91085,18,0.015549689,0.022273172,0.085818575,0.057547061,0.003921569
971,29079.91642,20,0.012891533,0.018700294,0.35694708,0.453051773,0.012138189
972,29079.92198,17,0.024939916,0.024654295,0.091347776,0.053816732,0.003921569
973,29079.92752,18,0.015583836,0.022237348,0.086013599,0.057583927,0.003921569
974,29079.93309,20,0.01290204,0.018626257,0.356875922,0.45321306,0.012138189
975,29079.93862,17,0.025005582,0.02452294,0.091582332,0.053973411,0.003921569
976,29079.94419,18,0.015515543,0.022246901,0.086184904,0.057556278,0.003921569
977,29079.94976,20,0.012844254,0.018611927,0.356973435,0.453208451,0.012138189
978,29079.9553,17,0.024974062,0.024561152,0.09143211,0.05401258,0.003921569
979,29079.96086,18,0.015541809,0.022268396,0.086208623,0.057655354,0.003921569
980,29079.9664,20,0.01283112,0.018714623,0.35677841,0.45303334,0.012138189
981,29079.97197,17,0.02489001,0.024733109,0.091656125,0.054268335,0.003921569
982,29079.97754,18,0.015594342,0.022144205,0.086050495,0.057659962,0.003921569
983,29079.98307,20,0.012860013,0.018712235,0.356752056,0.453266054,0.012138189
984,29079.98861,17,0.024897889,0.024534881,0.091437381,0.05424299,0.003921569
985,29079.99418,18,0.015581209,0.022177641,0.086082121,0.057583927,0.003921569
986,29079.99974,20,0.01282324,0.018728953,0.356738878,0.452989562,0.011951447
987,29080.00528,17,0.024932036,0.024601753,0.091155387,0.054199212,0.003921569
988,29080.01085,18,0.015623235,0.02230422,0.086329855,0.057558582,0.003921569
989,29080.01638,20,0.012828494,0.018571326,0.356936538,0.453100159,0.011391223
990,29080.02195,17,0.024989822,0.024553987,0.091123761,0.053782171,0.003921569
991,29080.02749,18,0.015531303,0.022189582,0.086308771,0.057249833,0.003921569
992,29080.03306,20,0.0128784,0.018511619,0.356799494,0.453217668,0.011764706
993,29080.03862,17,0.024821717,0.024551599,0.091458465,0.053888159,0.003921569
994,29080.04416,18,0.015612729,0.022208689,0.086424731,0.057353517,0.003921569
995,29080.04973,20,0.01288628,0.018690741,0.356939174,0.452908919,0.012138189
996,29080.05526,17,0.025026595,0.024491892,0.091400485,0.053883551,0.003921569
997,29080.06083,18,0.015528676,0.022232571,0.086574953,0.057500979,0.003921569